,Name,Score
0,BadgeSampling_round_10-epoch=49-train_loss=0.19825.ckpt,0.8978902491259735
1,BadgeSampling_round_10-epoch=59-train_loss=0.20083.ckpt,0.9074739116255777
2,BadgeSampling_round_10-epoch=69-train_loss=0.19852.ckpt,0.9244114306576181
3,BadgeSampling_round_10-epoch=79-train_loss=0.18639.ckpt,0.9158885832661128
4,BadgeSampling_round_10-epoch=89-train_loss=0.17599.ckpt,0.92039388002857
5,BadgeSampling_round_10-epoch=99-train_loss=0.17933.ckpt,0.8980924053303754
6,BadgeSampling_round_11-epoch=49-train_loss=0.19289.ckpt,0.8984002784570131
7,BadgeSampling_round_11-epoch=59-train_loss=0.18111.ckpt,0.8922400050183026
8,BadgeSampling_round_11-epoch=69-train_loss=0.17339.ckpt,0.8961263285159027
9,BadgeSampling_round_11-epoch=79-train_loss=0.18243.ckpt,0.919653278356842
10,BadgeSampling_round_11-epoch=89-train_loss=0.19417.ckpt,0.9141951952960489
11,BadgeSampling_round_11-epoch=99-train_loss=0.19042.ckpt,0.924135728962826
12,BadgeSampling_round_12-epoch=49-train_loss=0.17293.ckpt,0.8780461870227723
13,BadgeSampling_round_12-epoch=59-train_loss=0.22678.ckpt,0.9126582223069449
14,BadgeSampling_round_12-epoch=69-train_loss=0.21221.ckpt,0.8993946018070965
15,BadgeSampling_round_12-epoch=79-train_loss=0.20554.ckpt,0.9079908066620039
16,BadgeSampling_round_12-epoch=89-train_loss=0.19474.ckpt,0.8995842837414856
17,BadgeSampling_round_12-epoch=99-train_loss=0.16296.ckpt,0.925046104443535
18,BadgeSampling_round_8-epoch=49-train_loss=0.21911.ckpt,0.8885420856099323
19,BadgeSampling_round_8-epoch=59-train_loss=0.19516.ckpt,0.9059741096984775
20,BadgeSampling_round_8-epoch=69-train_loss=0.18395.ckpt,0.9066409001022544
21,BadgeSampling_round_8-epoch=79-train_loss=0.19729.ckpt,0.9153323433275585
22,BadgeSampling_round_8-epoch=89-train_loss=0.20190.ckpt,0.9145592259244679
23,BadgeSampling_round_8-epoch=99-train_loss=0.19228.ckpt,0.9010381762547486
24,BadgeSampling_round_9-epoch=49-train_loss=0.19555.ckpt,0.9117233912685724
25,BadgeSampling_round_9-epoch=59-train_loss=0.18810.ckpt,0.9081246237018334
26,BadgeSampling_round_9-epoch=69-train_loss=0.18376.ckpt,0.936910315486261
27,BadgeSampling_round_9-epoch=79-train_loss=0.19761.ckpt,0.9379370699325413
28,BadgeSampling_round_9-epoch=89-train_loss=0.19953.ckpt,0.9307701509084796
29,BadgeSampling_round_9-epoch=99-train_loss=0.18167.ckpt,0.9387158820986793
30,BALDDropout_round_10-epoch=49-train_loss=0.22498.ckpt,0.8848574010695592
31,BALDDropout_round_10-epoch=59-train_loss=0.21253.ckpt,0.8800408745620949
32,BALDDropout_round_10-epoch=69-train_loss=0.23077.ckpt,0.883618646415033
33,BALDDropout_round_10-epoch=79-train_loss=0.22884.ckpt,0.9191268152498709
34,BALDDropout_round_10-epoch=89-train_loss=0.22755.ckpt,0.9086806259279052
35,BALDDropout_round_10-epoch=99-train_loss=0.23002.ckpt,0.8988000168726795
36,BALDDropout_round_11-epoch=49-train_loss=0.21891.ckpt,0.9214333247718448
37,BALDDropout_round_11-epoch=59-train_loss=0.23294.ckpt,0.9025797871918627
38,BALDDropout_round_11-epoch=69-train_loss=0.22328.ckpt,0.9297665778472087
39,BALDDropout_round_11-epoch=79-train_loss=0.22944.ckpt,0.9160225060782039
40,BALDDropout_round_11-epoch=89-train_loss=0.21401.ckpt,0.9350762976625353
41,BALDDropout_round_11-epoch=99-train_loss=0.21863.ckpt,0.9299930024537081
42,BALDDropout_round_12-epoch=49-train_loss=0.22888.ckpt,0.9114839562845736
43,BALDDropout_round_12-epoch=59-train_loss=0.22132.ckpt,0.9081791944063535
44,BALDDropout_round_12-epoch=69-train_loss=0.22424.ckpt,0.8981556092990692
45,BALDDropout_round_12-epoch=79-train_loss=0.23557.ckpt,0.9081252348986222
46,BALDDropout_round_12-epoch=89-train_loss=0.20784.ckpt,0.9244995431641091
47,BALDDropout_round_12-epoch=99-train_loss=0.23219.ckpt,0.9203216816089266
48,BALDDropout_round_8-epoch=49-train_loss=0.23160.ckpt,0.9143900229954676
49,BALDDropout_round_8-epoch=59-train_loss=0.23477.ckpt,0.9042330548994748
50,BALDDropout_round_8-epoch=69-train_loss=0.21046.ckpt,0.9060991461002286
51,BALDDropout_round_8-epoch=79-train_loss=0.20261.ckpt,0.9007413950366109
52,BALDDropout_round_8-epoch=89-train_loss=0.22073.ckpt,0.9153912926700913
53,BALDDropout_round_8-epoch=99-train_loss=0.22292.ckpt,0.9169042958606164
54,BALDDropout_round_9-epoch=49-train_loss=0.21620.ckpt,0.8858442669792159
55,BALDDropout_round_9-epoch=59-train_loss=0.24933.ckpt,0.9093561669388606
56,BALDDropout_round_9-epoch=69-train_loss=0.23767.ckpt,0.9004290126322436
57,BALDDropout_round_9-epoch=79-train_loss=0.20842.ckpt,0.90204992013254
58,BALDDropout_round_9-epoch=89-train_loss=0.22021.ckpt,0.9387008093036973
59,BALDDropout_round_9-epoch=99-train_loss=0.21633.ckpt,0.9350681354168016
60,EntropySampling_round_10-epoch=49-train_loss=0.27139.ckpt,0.9439667828279098
61,EntropySampling_round_10-epoch=59-train_loss=0.26668.ckpt,0.9395819778962964
62,EntropySampling_round_10-epoch=69-train_loss=0.27763.ckpt,0.9341316380901618
63,EntropySampling_round_10-epoch=79-train_loss=0.26026.ckpt,0.9512616833260672
64,EntropySampling_round_10-epoch=89-train_loss=0.26494.ckpt,0.9277576198704236
65,EntropySampling_round_10-epoch=99-train_loss=0.25993.ckpt,0.9472641692709349
66,EntropySampling_round_11-epoch=49-train_loss=0.26877.ckpt,0.919790296048654
67,EntropySampling_round_11-epoch=59-train_loss=0.27954.ckpt,0.9547891589685766
68,EntropySampling_round_11-epoch=69-train_loss=0.28134.ckpt,0.9359668241467447
69,EntropySampling_round_11-epoch=79-train_loss=0.28280.ckpt,0.9339953252711524
70,EntropySampling_round_11-epoch=89-train_loss=0.24292.ckpt,0.9414585019034737
71,EntropySampling_round_11-epoch=99-train_loss=0.27688.ckpt,0.9430922625312534
72,EntropySampling_round_12-epoch=49-train_loss=0.26327.ckpt,0.9516606405345684
73,EntropySampling_round_12-epoch=59-train_loss=0.26919.ckpt,0.9546681586132106
74,EntropySampling_round_12-epoch=69-train_loss=0.26747.ckpt,0.9432984658308947
75,EntropySampling_round_12-epoch=79-train_loss=0.27863.ckpt,0.9432007823189885
76,EntropySampling_round_12-epoch=89-train_loss=0.28463.ckpt,0.9535118061226044
77,EntropySampling_round_12-epoch=99-train_loss=0.25522.ckpt,0.9464365434753923
78,EntropySampling_round_8-epoch=49-train_loss=0.28707.ckpt,0.9262859844540834
79,EntropySampling_round_8-epoch=59-train_loss=0.24718.ckpt,0.9434794285666468
80,EntropySampling_round_8-epoch=69-train_loss=0.27637.ckpt,0.9395988387592079
81,EntropySampling_round_8-epoch=79-train_loss=0.26839.ckpt,0.9325275554448648
82,EntropySampling_round_8-epoch=89-train_loss=0.26154.ckpt,0.9231164685844009
83,EntropySampling_round_8-epoch=99-train_loss=0.27031.ckpt,0.9312292046770081
84,EntropySampling_round_9-epoch=49-train_loss=0.25977.ckpt,0.9353963122629155
85,EntropySampling_round_9-epoch=59-train_loss=0.24946.ckpt,0.9401426877286633
86,EntropySampling_round_9-epoch=69-train_loss=0.26685.ckpt,0.9390937242363422
87,EntropySampling_round_9-epoch=79-train_loss=0.26881.ckpt,0.9349020567282831
88,EntropySampling_round_9-epoch=89-train_loss=0.25939.ckpt,0.914521969992268
89,EntropySampling_round_9-epoch=99-train_loss=0.24090.ckpt,0.9239499123207842
90,EntropySamplingDropout_round_10-epoch=49-train_loss=0.30443.ckpt,0.9434805366195866
91,EntropySamplingDropout_round_10-epoch=59-train_loss=0.29907.ckpt,0.9419560254667678
92,EntropySamplingDropout_round_10-epoch=69-train_loss=0.28354.ckpt,0.9484398835104281
93,EntropySamplingDropout_round_10-epoch=79-train_loss=0.30085.ckpt,0.9373569355559003
94,EntropySamplingDropout_round_10-epoch=89-train_loss=0.29213.ckpt,0.948154696487958
95,EntropySamplingDropout_round_10-epoch=99-train_loss=0.30487.ckpt,0.933690518346872
96,EntropySamplingDropout_round_11-epoch=49-train_loss=0.32580.ckpt,0.9493754443083435
97,EntropySamplingDropout_round_11-epoch=59-train_loss=0.29948.ckpt,0.9423846648280403
98,EntropySamplingDropout_round_11-epoch=69-train_loss=0.29739.ckpt,0.9400032685218646
99,EntropySamplingDropout_round_11-epoch=79-train_loss=0.29515.ckpt,0.946048095847606
100,EntropySamplingDropout_round_11-epoch=89-train_loss=0.29478.ckpt,0.9454591031654779
101,EntropySamplingDropout_round_11-epoch=99-train_loss=0.29101.ckpt,0.9306896649753436
102,EntropySamplingDropout_round_12-epoch=49-train_loss=0.30471.ckpt,0.9600433898878762
103,EntropySamplingDropout_round_12-epoch=59-train_loss=0.29637.ckpt,0.953186318982532
104,EntropySamplingDropout_round_12-epoch=69-train_loss=0.28368.ckpt,0.9492273227359285
105,EntropySamplingDropout_round_12-epoch=79-train_loss=0.28672.ckpt,0.9513641383207976
106,EntropySamplingDropout_round_12-epoch=89-train_loss=0.28168.ckpt,0.943559466593902
107,EntropySamplingDropout_round_12-epoch=99-train_loss=0.29337.ckpt,0.9162419551006462
108,EntropySamplingDropout_round_8-epoch=49-train_loss=0.30224.ckpt,0.9240825802713097
109,EntropySamplingDropout_round_8-epoch=59-train_loss=0.30692.ckpt,0.9506133757358273
110,EntropySamplingDropout_round_8-epoch=69-train_loss=0.30620.ckpt,0.9381794637038312
111,EntropySamplingDropout_round_8-epoch=79-train_loss=0.28784.ckpt,0.9206631426662311
112,EntropySamplingDropout_round_8-epoch=89-train_loss=0.30687.ckpt,0.9209156608715843
113,EntropySamplingDropout_round_8-epoch=99-train_loss=0.29337.ckpt,0.9321680833300983
114,EntropySamplingDropout_round_9-epoch=49-train_loss=0.30563.ckpt,0.9300570361447292
115,EntropySamplingDropout_round_9-epoch=59-train_loss=0.31720.ckpt,0.9290310058027909
116,EntropySamplingDropout_round_9-epoch=69-train_loss=0.32722.ckpt,0.9436199468831649
117,EntropySamplingDropout_round_9-epoch=79-train_loss=0.31571.ckpt,0.9457023391012599
118,EntropySamplingDropout_round_9-epoch=89-train_loss=0.30658.ckpt,0.9448964872797597
119,EntropySamplingDropout_round_9-epoch=99-train_loss=0.28470.ckpt,0.9437106853457234
120,KCenterGreedy_round_10-epoch=49-train_loss=0.20660.ckpt,0.8902282472181593
121,KCenterGreedy_round_10-epoch=59-train_loss=0.19006.ckpt,0.8988116981092632
122,KCenterGreedy_round_10-epoch=69-train_loss=0.16364.ckpt,0.8731080502660671
123,KCenterGreedy_round_10-epoch=79-train_loss=0.17990.ckpt,0.8883827500227235
124,KCenterGreedy_round_10-epoch=89-train_loss=0.19211.ckpt,0.8760954013323585
125,KCenterGreedy_round_10-epoch=99-train_loss=0.17680.ckpt,0.8898637635879114
126,KCenterGreedy_round_11-epoch=49-train_loss=0.20783.ckpt,0.9020470856861431
127,KCenterGreedy_round_11-epoch=59-train_loss=0.17351.ckpt,0.8922853057194446
128,KCenterGreedy_round_11-epoch=69-train_loss=0.19130.ckpt,0.9091641541927524
129,KCenterGreedy_round_11-epoch=79-train_loss=0.16702.ckpt,0.8960451623737263
130,KCenterGreedy_round_11-epoch=89-train_loss=0.18060.ckpt,0.9159309288066688
131,KCenterGreedy_round_11-epoch=99-train_loss=0.16917.ckpt,0.9112196705755139
132,KCenterGreedy_round_12-epoch=49-train_loss=0.18664.ckpt,0.8820633789575755
133,KCenterGreedy_round_12-epoch=59-train_loss=0.16891.ckpt,0.8661995123212518
134,KCenterGreedy_round_12-epoch=69-train_loss=0.17906.ckpt,0.8908409032163945
135,KCenterGreedy_round_12-epoch=79-train_loss=0.20443.ckpt,0.9131092195152213
136,KCenterGreedy_round_12-epoch=89-train_loss=0.17426.ckpt,0.9188447092909315
137,KCenterGreedy_round_12-epoch=99-train_loss=0.16774.ckpt,0.9392872104635666
138,KCenterGreedy_round_8-epoch=49-train_loss=0.18464.ckpt,0.8780022343204468
139,KCenterGreedy_round_8-epoch=59-train_loss=0.16538.ckpt,0.896273951924432
140,KCenterGreedy_round_8-epoch=69-train_loss=0.17356.ckpt,0.9191680039848837
141,KCenterGreedy_round_8-epoch=79-train_loss=0.17274.ckpt,0.8968220061816765
142,KCenterGreedy_round_8-epoch=89-train_loss=0.17678.ckpt,0.9296343201434101
143,KCenterGreedy_round_8-epoch=99-train_loss=0.18161.ckpt,0.9052029983874557
144,KCenterGreedy_round_9-epoch=49-train_loss=0.19917.ckpt,0.8941601983615091
145,KCenterGreedy_round_9-epoch=59-train_loss=0.17091.ckpt,0.9160722967122393
146,KCenterGreedy_round_9-epoch=69-train_loss=0.19772.ckpt,0.8960617002622412
147,KCenterGreedy_round_9-epoch=79-train_loss=0.19213.ckpt,0.8907423866628037
148,KCenterGreedy_round_9-epoch=89-train_loss=0.18110.ckpt,0.9168537884262704
149,KCenterGreedy_round_9-epoch=99-train_loss=0.17005.ckpt,0.9201241861131507
150,KCenterGreedyPCA_round_10-epoch=49-train_loss=0.18925.ckpt,0.8907528469304574
151,KCenterGreedyPCA_round_10-epoch=59-train_loss=0.18127.ckpt,0.88707973487494
152,KCenterGreedyPCA_round_10-epoch=69-train_loss=0.19687.ckpt,0.9053503024965048
153,KCenterGreedyPCA_round_10-epoch=79-train_loss=0.19073.ckpt,0.8977622261117046
154,KCenterGreedyPCA_round_10-epoch=89-train_loss=0.19382.ckpt,0.903083132904855
155,KCenterGreedyPCA_round_10-epoch=99-train_loss=0.18555.ckpt,0.9079178066007804
156,KCenterGreedyPCA_round_11-epoch=49-train_loss=0.19734.ckpt,0.884272173468705
157,KCenterGreedyPCA_round_11-epoch=59-train_loss=0.16685.ckpt,0.906799869039127
158,KCenterGreedyPCA_round_11-epoch=69-train_loss=0.17817.ckpt,0.9026986649642921
159,KCenterGreedyPCA_round_11-epoch=79-train_loss=0.17861.ckpt,0.9060180779381416
160,KCenterGreedyPCA_round_11-epoch=89-train_loss=0.15452.ckpt,0.8944980001399335
161,KCenterGreedyPCA_round_11-epoch=99-train_loss=0.17204.ckpt,0.8937892863421142
162,KCenterGreedyPCA_round_12-epoch=49-train_loss=0.18089.ckpt,0.8898153618673228
163,KCenterGreedyPCA_round_12-epoch=59-train_loss=0.18383.ckpt,0.8987186622093482
164,KCenterGreedyPCA_round_12-epoch=69-train_loss=0.17811.ckpt,0.8826899047900372
165,KCenterGreedyPCA_round_12-epoch=79-train_loss=0.18348.ckpt,0.8944267398761501
166,KCenterGreedyPCA_round_12-epoch=89-train_loss=0.18775.ckpt,0.9024201585924556
167,KCenterGreedyPCA_round_12-epoch=99-train_loss=0.18391.ckpt,0.9121263046238608
168,KCenterGreedyPCA_round_8-epoch=49-train_loss=0.18572.ckpt,0.89893708405473
169,KCenterGreedyPCA_round_8-epoch=59-train_loss=0.18814.ckpt,0.8791244219209442
170,KCenterGreedyPCA_round_8-epoch=69-train_loss=0.17263.ckpt,0.9183433319228687
171,KCenterGreedyPCA_round_8-epoch=79-train_loss=0.18437.ckpt,0.9120094522943629
172,KCenterGreedyPCA_round_8-epoch=89-train_loss=0.17537.ckpt,0.9016980308681827
173,KCenterGreedyPCA_round_8-epoch=99-train_loss=0.17681.ckpt,0.8866197119506016
174,KCenterGreedyPCA_round_9-epoch=49-train_loss=0.20608.ckpt,0.8776202058878879
175,KCenterGreedyPCA_round_9-epoch=59-train_loss=0.17775.ckpt,0.8828301630685649
176,KCenterGreedyPCA_round_9-epoch=69-train_loss=0.18211.ckpt,0.8869939783405083
177,KCenterGreedyPCA_round_9-epoch=79-train_loss=0.18503.ckpt,0.8978657622995816
178,KCenterGreedyPCA_round_9-epoch=89-train_loss=0.17745.ckpt,0.9006584763691767
179,KCenterGreedyPCA_round_9-epoch=99-train_loss=0.16356.ckpt,0.9115077526099898
180,LeastConfidence_round_10-epoch=49-train_loss=0.28323.ckpt,0.9267778848145556
181,LeastConfidence_round_10-epoch=59-train_loss=0.27790.ckpt,0.9355349371779668
182,LeastConfidence_round_10-epoch=69-train_loss=0.27628.ckpt,0.9339079160730033
183,LeastConfidence_round_10-epoch=79-train_loss=0.27028.ckpt,0.9305240082477245
184,LeastConfidence_round_10-epoch=89-train_loss=0.26941.ckpt,0.9433916418127359
185,LeastConfidence_round_10-epoch=99-train_loss=0.25880.ckpt,0.9355225052375895
186,LeastConfidence_round_11-epoch=49-train_loss=0.28745.ckpt,0.9479111169999359
187,LeastConfidence_round_11-epoch=59-train_loss=0.30868.ckpt,0.9476213911871094
188,LeastConfidence_round_11-epoch=69-train_loss=0.27382.ckpt,0.9310088861047761
189,LeastConfidence_round_11-epoch=79-train_loss=0.26586.ckpt,0.944967793944634
190,LeastConfidence_round_11-epoch=89-train_loss=0.26628.ckpt,0.9295791632782966
191,LeastConfidence_round_11-epoch=99-train_loss=0.26636.ckpt,0.9434471358107377
192,LeastConfidence_round_12-epoch=49-train_loss=0.29685.ckpt,0.9555505524438621
193,LeastConfidence_round_12-epoch=59-train_loss=0.26939.ckpt,0.9516085148221024
194,LeastConfidence_round_12-epoch=69-train_loss=0.26516.ckpt,0.9428982923130982
195,LeastConfidence_round_12-epoch=79-train_loss=0.28521.ckpt,0.9439771156558799
196,LeastConfidence_round_12-epoch=89-train_loss=0.27006.ckpt,0.9567273641514753
197,LeastConfidence_round_12-epoch=99-train_loss=0.26235.ckpt,0.9446853034163749
198,LeastConfidence_round_8-epoch=49-train_loss=0.26557.ckpt,0.9440188810261128
199,LeastConfidence_round_8-epoch=59-train_loss=0.27214.ckpt,0.9338431477699585
200,LeastConfidence_round_8-epoch=69-train_loss=0.27906.ckpt,0.9378834672761733
201,LeastConfidence_round_8-epoch=79-train_loss=0.28270.ckpt,0.9109069090786457
202,LeastConfidence_round_8-epoch=89-train_loss=0.24750.ckpt,0.927701453797855
203,LeastConfidence_round_8-epoch=99-train_loss=0.25918.ckpt,0.9236541543661437
204,LeastConfidence_round_9-epoch=49-train_loss=0.28960.ckpt,0.9283819073908214
205,LeastConfidence_round_9-epoch=59-train_loss=0.28004.ckpt,0.9483544964394695
206,LeastConfidence_round_9-epoch=69-train_loss=0.27591.ckpt,0.9303960002862695
207,LeastConfidence_round_9-epoch=79-train_loss=0.26708.ckpt,0.931960186145967
208,LeastConfidence_round_9-epoch=89-train_loss=0.25712.ckpt,0.935661187226537
209,LeastConfidence_round_9-epoch=99-train_loss=0.29436.ckpt,0.9336511549628925
210,LeastConfidenceDropout_round_10-epoch=49-train_loss=0.29265.ckpt,0.9616576345938472
211,LeastConfidenceDropout_round_10-epoch=59-train_loss=0.30808.ckpt,0.9460660777877747
212,LeastConfidenceDropout_round_10-epoch=69-train_loss=0.30236.ckpt,0.9628186650563875
213,LeastConfidenceDropout_round_10-epoch=79-train_loss=0.30301.ckpt,0.9554927537442466
214,LeastConfidenceDropout_round_10-epoch=89-train_loss=0.30144.ckpt,0.9525150369946205
215,LeastConfidenceDropout_round_10-epoch=99-train_loss=0.28820.ckpt,0.9558919318683681
216,LeastConfidenceDropout_round_11-epoch=49-train_loss=0.29550.ckpt,0.9527215663288789
217,LeastConfidenceDropout_round_11-epoch=59-train_loss=0.30662.ckpt,0.9394797394022247
218,LeastConfidenceDropout_round_11-epoch=69-train_loss=0.31283.ckpt,0.9571153454059929
219,LeastConfidenceDropout_round_11-epoch=79-train_loss=0.30366.ckpt,0.9563139668386418
220,LeastConfidenceDropout_round_11-epoch=89-train_loss=0.30526.ckpt,0.9490862236042594
221,LeastConfidenceDropout_round_11-epoch=99-train_loss=0.30330.ckpt,0.9417107080434719
222,LeastConfidenceDropout_round_12-epoch=49-train_loss=0.30942.ckpt,0.9515071989369097
223,LeastConfidenceDropout_round_12-epoch=59-train_loss=0.30273.ckpt,0.9506817038503403
224,LeastConfidenceDropout_round_12-epoch=69-train_loss=0.29053.ckpt,0.9593710722003285
225,LeastConfidenceDropout_round_12-epoch=79-train_loss=0.30511.ckpt,0.952801301540142
226,LeastConfidenceDropout_round_12-epoch=89-train_loss=0.29570.ckpt,0.9410177903760046
227,LeastConfidenceDropout_round_12-epoch=99-train_loss=0.28293.ckpt,0.9442452689678194
228,LeastConfidenceDropout_round_8-epoch=49-train_loss=0.30523.ckpt,0.9535214553197278
229,LeastConfidenceDropout_round_8-epoch=59-train_loss=0.28770.ckpt,0.9458905651034932
230,LeastConfidenceDropout_round_8-epoch=69-train_loss=0.30697.ckpt,0.947080733688975
231,LeastConfidenceDropout_round_8-epoch=79-train_loss=0.28706.ckpt,0.9402471819511783
232,LeastConfidenceDropout_round_8-epoch=89-train_loss=0.29357.ckpt,0.9499661911537127
233,LeastConfidenceDropout_round_8-epoch=99-train_loss=0.30769.ckpt,0.9484378524834076
234,LeastConfidenceDropout_round_9-epoch=49-train_loss=0.31194.ckpt,0.9430324001220891
235,LeastConfidenceDropout_round_9-epoch=59-train_loss=0.30893.ckpt,0.9397618545225412
236,LeastConfidenceDropout_round_9-epoch=69-train_loss=0.30764.ckpt,0.934582961594602
237,LeastConfidenceDropout_round_9-epoch=79-train_loss=0.29462.ckpt,0.9530848220887305
238,LeastConfidenceDropout_round_9-epoch=89-train_loss=0.29370.ckpt,0.9519376799796324
239,LeastConfidenceDropout_round_9-epoch=99-train_loss=0.30826.ckpt,0.9438938174584262
240,MarginSampling_round_10-epoch=49-train_loss=0.29981.ckpt,0.930900931019932
241,MarginSampling_round_10-epoch=59-train_loss=0.28204.ckpt,0.9308350547483175
242,MarginSampling_round_10-epoch=69-train_loss=0.28904.ckpt,0.9441403218543623
243,MarginSampling_round_10-epoch=79-train_loss=0.27044.ckpt,0.941174662802682
244,MarginSampling_round_10-epoch=89-train_loss=0.27104.ckpt,0.9387130351558798
245,MarginSampling_round_10-epoch=99-train_loss=0.28599.ckpt,0.9435006563799144
246,MarginSampling_round_11-epoch=49-train_loss=0.28118.ckpt,0.9398659872581643
247,MarginSampling_round_11-epoch=59-train_loss=0.28087.ckpt,0.9226192830941179
248,MarginSampling_round_11-epoch=69-train_loss=0.28435.ckpt,0.9361131363851687
249,MarginSampling_round_11-epoch=79-train_loss=0.25301.ckpt,0.9419715362095593
250,MarginSampling_round_11-epoch=89-train_loss=0.27197.ckpt,0.9402236510128105
251,MarginSampling_round_11-epoch=99-train_loss=0.26571.ckpt,0.9280676850803901
252,MarginSampling_round_12-epoch=49-train_loss=0.28941.ckpt,0.9406266491587463
253,MarginSampling_round_12-epoch=59-train_loss=0.28004.ckpt,0.9454611155153902
254,MarginSampling_round_12-epoch=69-train_loss=0.27495.ckpt,0.9362313223283978
255,MarginSampling_round_12-epoch=79-train_loss=0.27704.ckpt,0.9224056252660201
256,MarginSampling_round_12-epoch=89-train_loss=0.25275.ckpt,0.9425015249002939
257,MarginSampling_round_12-epoch=99-train_loss=0.26197.ckpt,0.923328433646514
258,MarginSampling_round_8-epoch=49-train_loss=0.27357.ckpt,0.932850593923993
259,MarginSampling_round_8-epoch=59-train_loss=0.28747.ckpt,0.9357056777803974
260,MarginSampling_round_8-epoch=69-train_loss=0.26797.ckpt,0.9396606018340965
261,MarginSampling_round_8-epoch=79-train_loss=0.26351.ckpt,0.9328782517945231
262,MarginSampling_round_8-epoch=89-train_loss=0.24866.ckpt,0.9317996906375512
263,MarginSampling_round_8-epoch=99-train_loss=0.25916.ckpt,0.9168248221264551
264,MarginSampling_round_9-epoch=49-train_loss=0.28361.ckpt,0.9253645756538149
265,MarginSampling_round_9-epoch=59-train_loss=0.27279.ckpt,0.9388761526573833
266,MarginSampling_round_9-epoch=69-train_loss=0.28017.ckpt,0.9344537462212712
267,MarginSampling_round_9-epoch=79-train_loss=0.26397.ckpt,0.9254495055550668
268,MarginSampling_round_9-epoch=89-train_loss=0.25487.ckpt,0.9397918842556179
269,MarginSampling_round_9-epoch=99-train_loss=0.25847.ckpt,0.9406617866867353
270,RandomSampling_round_10-epoch=49-train_loss=0.15848.ckpt,0.8849669553010224
271,RandomSampling_round_10-epoch=59-train_loss=0.17661.ckpt,0.9075384308141368
272,RandomSampling_round_10-epoch=69-train_loss=0.17169.ckpt,0.8944259044178677
273,RandomSampling_round_10-epoch=79-train_loss=0.14748.ckpt,0.8918294940358018
274,RandomSampling_round_10-epoch=89-train_loss=0.17245.ckpt,0.9024785813480538
275,RandomSampling_round_10-epoch=99-train_loss=0.16390.ckpt,0.9074535965981102
276,RandomSampling_round_11-epoch=49-train_loss=0.15029.ckpt,0.905147359309208
277,RandomSampling_round_11-epoch=59-train_loss=0.16367.ckpt,0.9127778923920425
278,RandomSampling_round_11-epoch=69-train_loss=0.17236.ckpt,0.9119057520478105
279,RandomSampling_round_11-epoch=79-train_loss=0.16242.ckpt,0.9022961658114788
280,RandomSampling_round_11-epoch=89-train_loss=0.14853.ckpt,0.9113985198860902
281,RandomSampling_round_11-epoch=99-train_loss=0.14550.ckpt,0.9131464500737457
282,RandomSampling_round_12-epoch=49-train_loss=0.15463.ckpt,0.9197627366523806
283,RandomSampling_round_12-epoch=59-train_loss=0.14941.ckpt,0.8972752929905414
284,RandomSampling_round_12-epoch=69-train_loss=0.13111.ckpt,0.9033917568437617
285,RandomSampling_round_12-epoch=79-train_loss=0.16138.ckpt,0.8822945055645856
286,RandomSampling_round_12-epoch=89-train_loss=0.14290.ckpt,0.9027835412158645
287,RandomSampling_round_12-epoch=99-train_loss=0.14096.ckpt,0.9104459246689363
288,RandomSampling_round_8-epoch=49-train_loss=0.16369.ckpt,0.9086527022412447
289,RandomSampling_round_8-epoch=59-train_loss=0.17516.ckpt,0.9223046388541247
290,RandomSampling_round_8-epoch=69-train_loss=0.17303.ckpt,0.9005049738395023
291,RandomSampling_round_8-epoch=79-train_loss=0.15342.ckpt,0.9138858223612386
292,RandomSampling_round_8-epoch=89-train_loss=0.16643.ckpt,0.9032010984374785
293,RandomSampling_round_8-epoch=99-train_loss=0.17688.ckpt,0.9191744113683107
294,RandomSampling_round_9-epoch=49-train_loss=0.14898.ckpt,0.9050509005170808
295,RandomSampling_round_9-epoch=59-train_loss=0.15577.ckpt,0.9146144119092854
296,RandomSampling_round_9-epoch=69-train_loss=0.16536.ckpt,0.9141051730745484
297,RandomSampling_round_9-epoch=79-train_loss=0.16161.ckpt,0.8936244083809568
298,RandomSampling_round_9-epoch=89-train_loss=0.14353.ckpt,0.906214817677566
299,RandomSampling_round_9-epoch=99-train_loss=0.16603.ckpt,0.9138070759639958
300,VarRatio_round_10-epoch=49-train_loss=0.28323.ckpt,0.9267778848145556
301,VarRatio_round_10-epoch=59-train_loss=0.27790.ckpt,0.9355349371779668
302,VarRatio_round_10-epoch=69-train_loss=0.27628.ckpt,0.9339079160730033
303,VarRatio_round_10-epoch=79-train_loss=0.27028.ckpt,0.9305240082477245
304,VarRatio_round_10-epoch=89-train_loss=0.26941.ckpt,0.9433916418127359
305,VarRatio_round_10-epoch=99-train_loss=0.25880.ckpt,0.9355225052375895
306,VarRatio_round_11-epoch=49-train_loss=0.28745.ckpt,0.9479111169999359
307,VarRatio_round_11-epoch=59-train_loss=0.30868.ckpt,0.9476213911871094
308,VarRatio_round_11-epoch=69-train_loss=0.27382.ckpt,0.9310088861047761
309,VarRatio_round_11-epoch=79-train_loss=0.26586.ckpt,0.944967793944634
310,VarRatio_round_11-epoch=89-train_loss=0.26628.ckpt,0.9295791632782966
311,VarRatio_round_11-epoch=99-train_loss=0.26636.ckpt,0.9434471358107377
312,VarRatio_round_12-epoch=49-train_loss=0.29685.ckpt,0.9555505524438621
313,VarRatio_round_12-epoch=59-train_loss=0.26939.ckpt,0.9516085148221024
314,VarRatio_round_12-epoch=69-train_loss=0.26516.ckpt,0.9428982923130982
315,VarRatio_round_12-epoch=79-train_loss=0.28521.ckpt,0.9439771156558799
316,VarRatio_round_12-epoch=89-train_loss=0.27006.ckpt,0.9567273641514753
317,VarRatio_round_12-epoch=99-train_loss=0.26235.ckpt,0.9446853034163749
318,VarRatio_round_8-epoch=49-train_loss=0.26557.ckpt,0.9440188810261128
319,VarRatio_round_8-epoch=59-train_loss=0.27214.ckpt,0.9338431477699585
320,VarRatio_round_8-epoch=69-train_loss=0.27906.ckpt,0.9378834672761733
321,VarRatio_round_8-epoch=79-train_loss=0.28270.ckpt,0.9109069090786457
322,VarRatio_round_8-epoch=89-train_loss=0.24750.ckpt,0.927701453797855
323,VarRatio_round_8-epoch=99-train_loss=0.25918.ckpt,0.9236541543661437
324,VarRatio_round_9-epoch=49-train_loss=0.28960.ckpt,0.9283819073908214
325,VarRatio_round_9-epoch=59-train_loss=0.28004.ckpt,0.9483544964394695
326,VarRatio_round_9-epoch=69-train_loss=0.27591.ckpt,0.9303960002862695
327,VarRatio_round_9-epoch=79-train_loss=0.26708.ckpt,0.931960186145967
328,VarRatio_round_9-epoch=89-train_loss=0.25712.ckpt,0.935661187226537
329,VarRatio_round_9-epoch=99-train_loss=0.29436.ckpt,0.9336511549628925
